,image_path
0,0459_03.png
1,0462_05.png
2,0428_14.png
3,0433_10.png
4,0446_16.png
5,0437_12.png
6,0444_10.png
7,0435_10.png
8,0461_18.png
9,0460_01.png
10,0443_11.png
11,0436_07.png
12,0438_08.png
13,0434_01.png
14,0445_15.png
15,0427_07.png
16,0449_02.png
17,0452_12.png
18,0420_13.png
19,0421_12.png
20,0422_06.png
21,0419_03.png
22,0451_03.png
23,0450_06.png
24,0432_02.png
25,0429_09.png
26,0441_10.png
27,0440_05.png
28,0465_17.png
29,0463_10.png
30,0458_18.png
31,0439_14.png
32,0442_03.png
33,0430_18.png
34,0431_10.png
35,0457_17.png
36,0464_02.png
37,0426_02.png
38,0453_06.png
39,0448_16.png
40,0455_17.png
41,0424_15.png
42,0418_07.png
43,0456_19.png
44,0423_03.png
45,0447_18.png
46,0425_11.png
47,0454_20.png
48,0653_18.png
49,0658_04.png
50,0671_08.png
51,0662_09.png
52,0669_10.png
53,0660_08.png
54,0668_15.png
55,0661_15.png
56,0663_09.png
57,0659_18.png
58,0670_12.png
59,0652_10.png
60,0674_19.png
61,0677_12.png
62,0645_05.png
63,0646_09.png
64,0647_01.png
65,0644_11.png
66,0676_17.png
67,0675_06.png
68,0657_11.png
69,0654_04.png
70,0666_20.png
71,0665_05.png
72,0664_14.png
73,0667_06.png
74,0655_01.png
75,0656_08.png
76,0682_04.png
77,0651_05.png
78,0678_10.png
79,0673_16.png
80,0680_17.png
81,0649_17.png
82,0643_06.png
83,0681_03.png
84,0648_17.png
85,0672_18.png
86,0650_06.png
87,0679_14.png
88,0011_18.png
89,0016_13.png
90,0020_18.png
91,0018_02.png
92,0026_06.png
93,0019_04.png
94,0021_05.png
95,0017_06.png
96,0010_17.png
97,0003_13.png
98,0004_07.png
99,0005_08.png
100,0002_11.png
101,0015_05.png
102,0012_11.png
103,0024_08.png
104,0023_10.png
105,0022_15.png
106,0025_16.png
107,0013_18.png
108,0014_18.png
109,0009_08.png
110,0007_16.png
111,0001_10.png
112,0006_20.png
113,0008_08.png
114,0566_08.png
115,0571_18.png
116,0584_09.png
117,0575_06.png
118,0582_12.png
119,0573_19.png
120,0581_12.png
121,0574_01.png
122,0576_13.png
123,0572_14.png
124,0583_01.png
125,0565_08.png
126,0587_11.png
127,0590_18.png
128,0558_04.png
129,0559_13.png
130,0560_02.png
131,0557_19.png
132,0589_14.png
133,0588_09.png
134,0570_05.png
135,0567_07.png
136,0579_15.png
137,0578_08.png
138,0577_04.png
139,0580_06.png
140,0568_13.png
141,0569_13.png
142,0595_19.png
143,0564_14.png
144,0591_03.png
145,0586_01.png
146,0593_09.png
147,0562_14.png
148,0556_03.png
149,0594_02.png
150,0561_08.png
151,0585_17.png
152,0563_09.png
153,0592_10.png
154,0392_09.png
155,0361_10.png
156,0366_04.png
157,0379_08.png
158,0370_15.png
159,0377_04.png
160,0368_20.png
161,0393_16.png
162,0376_15.png
163,0369_12.png
164,0371_12.png
165,0367_19.png
166,0378_05.png
167,0360_09.png
168,0382_20.png
169,0385_04.png
170,0353_05.png
171,0354_11.png
172,0355_08.png
173,0352_17.png
174,0384_16.png
175,0383_14.png
176,0365_02.png
177,0362_14.png
178,0374_17.png
179,0373_13.png
180,0391_13.png
181,0372_19.png
182,0375_12.png
183,0363_06.png
184,0364_18.png
185,0390_12.png
186,0359_17.png
187,0386_18.png
188,0381_15.png
189,0388_08.png
190,0357_04.png
191,0351_07.png
192,0389_15.png
193,0356_10.png
194,0380_08.png
195,0358_19.png
196,0387_17.png
197,0188_01.png
198,0187_02.png
199,0180_05.png
200,0181_12.png
201,0182_20.png
202,0179_14.png
203,0189_08.png
204,0190_16.png
205,0191_17.png
206,0186_05.png
207,0184_04.png
208,0178_13.png
209,0183_05.png
210,0185_16.png
211,0118_17.png
212,0123_11.png
213,0127_19.png
214,0125_10.png
215,0126_14.png
216,0128_08.png
217,0124_01.png
218,0117_12.png
219,0110_09.png
220,0111_12.png
221,0112_04.png
222,0109_05.png
223,0122_16.png
224,0119_04.png
225,0131_08.png
226,0130_05.png
227,0129_13.png
228,0120_06.png
229,0121_10.png
230,0116_12.png
231,0114_19.png
232,0108_14.png
233,0113_03.png
234,0115_17.png
235,0335_16.png
236,0340_17.png
237,0344_04.png
238,0342_04.png
239,0350_18.png
240,0343_05.png
241,0345_17.png
242,0341_14.png
243,0334_17.png
244,0327_09.png
245,0328_11.png
246,0329_04.png
247,0326_17.png
248,0339_16.png
249,0336_02.png
250,0348_15.png
251,0347_03.png
252,0346_17.png
253,0349_19.png
254,0337_06.png
255,0338_08.png
256,0333_08.png
257,0331_09.png
258,0325_16.png
259,0330_14.png
260,0332_06.png
261,0814_13.png
262,0819_20.png
263,0832_18.png
264,0823_12.png
265,0830_03.png
266,0821_02.png
267,0829_19.png
268,0822_04.png
269,0824_04.png
270,0820_11.png
271,0831_20.png
272,0813_18.png
273,0835_17.png
274,0806_01.png
275,0807_12.png
276,0808_08.png
277,0805_08.png
278,0836_08.png
279,0818_08.png
280,0815_05.png
281,0827_05.png
282,0826_16.png
283,0825_03.png
284,0828_04.png
285,0816_18.png
286,0817_13.png
287,0812_08.png
288,0834_04.png
289,0810_19.png
290,0804_05.png
291,0809_13.png
292,0833_18.png
293,0811_20.png
294,0780_01.png
295,0785_11.png
296,0798_03.png
297,0789_04.png
298,0796_01.png
299,0787_17.png
300,0795_08.png
301,0788_19.png
302,0790_15.png
303,0786_20.png
304,0797_01.png
305,0779_15.png
306,0801_20.png
307,0772_20.png
308,0773_03.png
309,0774_16.png
310,0771_12.png
311,0803_01.png
312,0802_05.png
313,0784_20.png
314,0781_03.png
315,0793_07.png
316,0792_11.png
317,0791_16.png
318,0794_20.png
319,0782_15.png
320,0783_16.png
321,0778_02.png
322,0800_04.png
323,0776_09.png
324,0770_02.png
325,0775_12.png
326,0799_18.png
327,0777_19.png
328,0306_17.png
329,0311_02.png
330,0324_08.png
331,0315_14.png
332,0322_01.png
333,0313_18.png
334,0321_04.png
335,0314_15.png
336,0316_04.png
337,0312_11.png
338,0323_10.png
339,0305_10.png
340,0298_16.png
341,0299_09.png
342,0300_19.png
343,0297_16.png
344,0310_02.png
345,0307_02.png
346,0319_12.png
347,0318_11.png
348,0317_09.png
349,0320_05.png
350,0308_04.png
351,0309_03.png
352,0304_02.png
353,0302_10.png
354,0296_01.png
355,0301_04.png
356,0303_20.png
357,0739_14.png
358,0744_13.png
359,0757_18.png
360,0748_18.png
361,0755_18.png
362,0746_14.png
363,0754_11.png
364,0747_06.png
365,0749_14.png
366,0745_06.png
367,0756_17.png
368,0738_01.png
369,0760_04.png
370,0763_07.png
371,0731_20.png
372,0732_18.png
373,0733_06.png
374,0730_07.png
375,0762_20.png
376,0761_09.png
377,0743_16.png
378,0740_16.png
379,0752_01.png
380,0751_19.png
381,0769_17.png
382,0750_10.png
383,0753_11.png
384,0741_18.png
385,0742_13.png
386,0768_10.png
387,0737_10.png
388,0764_02.png
389,0759_06.png
390,0766_14.png
391,0735_02.png
392,0729_07.png
393,0767_14.png
394,0734_13.png
395,0758_04.png
396,0736_17.png
397,0765_11.png
398,0693_02.png
399,0698_14.png
400,0702_05.png
401,0700_15.png
402,0708_16.png
403,0701_15.png
404,0703_03.png
405,0699_11.png
406,0692_04.png
407,0685_09.png
408,0686_08.png
409,0687_11.png
410,0684_04.png
411,0697_04.png
412,0694_20.png
413,0706_03.png
414,0705_09.png
415,0704_14.png
416,0707_05.png
417,0695_02.png
418,0696_12.png
419,0691_20.png
420,0689_15.png
421,0683_10.png
422,0688_15.png
423,0690_14.png
424,0202_12.png
425,0207_15.png
426,0211_04.png
427,0209_16.png
428,0217_13.png
429,0210_08.png
430,0212_11.png
431,0208_14.png
432,0201_10.png
433,0194_01.png
434,0195_08.png
435,0196_10.png
436,0193_17.png
437,0206_20.png
438,0203_04.png
439,0215_15.png
440,0214_17.png
441,0213_11.png
442,0216_11.png
443,0204_15.png
444,0205_07.png
445,0200_17.png
446,0198_14.png
447,0192_01.png
448,0197_19.png
449,0199_16.png
450,0892_16.png
451,0861_02.png
452,0866_09.png
453,0879_14.png
454,0870_19.png
455,0877_12.png
456,0868_01.png
457,0876_18.png
458,0869_10.png
459,0871_20.png
460,0867_17.png
461,0878_19.png
462,0860_02.png
463,0882_05.png
464,0885_05.png
465,0853_18.png
466,0854_09.png
467,0855_02.png
468,0852_16.png
469,0884_11.png
470,0883_06.png
471,0865_07.png
472,0862_05.png
473,0874_15.png
474,0873_05.png
475,0891_18.png
476,0872_05.png
477,0875_18.png
478,0863_03.png
479,0864_17.png
480,0890_03.png
481,0859_20.png
482,0886_13.png
483,0881_18.png
484,0888_13.png
485,0857_16.png
486,0851_09.png
487,0889_18.png
488,0856_13.png
489,0880_19.png
490,0858_11.png
491,0887_12.png
492,0529_19.png
493,0532_12.png
494,0498_03.png
495,0503_14.png
496,0516_18.png
497,0507_03.png
498,0514_07.png
499,0505_20.png
500,0531_13.png
501,0530_09.png
502,0513_17.png
503,0506_03.png
504,0508_09.png
505,0504_08.png
506,0515_11.png
507,0497_05.png
508,0519_18.png
509,0522_01.png
510,0490_13.png
511,0491_02.png
512,0537_12.png
513,0492_03.png
514,0489_10.png
515,0521_19.png
516,0520_20.png
517,0538_20.png
518,0502_05.png
519,0499_09.png
520,0511_16.png
521,0510_13.png
522,0535_09.png
523,0533_18.png
524,0528_13.png
525,0509_01.png
526,0512_04.png
527,0500_17.png
528,0501_13.png
529,0527_10.png
530,0534_18.png
531,0536_01.png
532,0496_16.png
533,0523_12.png
534,0518_01.png
535,0525_05.png
536,0494_12.png
537,0539_17.png
538,0488_02.png
539,0526_16.png
540,0493_08.png
541,0517_17.png
542,0495_16.png
543,0524_05.png
544,0903_02.png
545,0908_15.png
546,0909_06.png
547,0902_13.png
548,0895_15.png
549,0896_06.png
550,0897_13.png
551,0894_16.png
552,0907_13.png
553,0904_05.png
554,0905_03.png
555,0906_01.png
556,0901_13.png
557,0899_17.png
558,0893_18.png
559,0898_01.png
560,0900_08.png
561,0404_05.png
562,0409_10.png
563,0413_14.png
564,0411_18.png
565,0412_13.png
566,0414_10.png
567,0410_04.png
568,0403_03.png
569,0396_03.png
570,0397_16.png
571,0398_08.png
572,0395_10.png
573,0408_14.png
574,0405_06.png
575,0417_18.png
576,0416_16.png
577,0415_07.png
578,0406_19.png
579,0407_19.png
580,0402_15.png
581,0400_05.png
582,0394_04.png
583,0399_07.png
584,0401_02.png
585,0847_17.png
586,0846_07.png
587,0839_20.png
588,0840_02.png
589,0841_11.png
590,0838_03.png
591,0848_02.png
592,0849_08.png
593,0850_05.png
594,0845_13.png
595,0843_17.png
596,0837_11.png
597,0842_06.png
598,0844_18.png
599,0637_18.png
600,0640_11.png
601,0606_12.png
602,0611_15.png
603,0624_15.png
604,0615_02.png
605,0622_09.png
606,0613_17.png
607,0639_10.png
608,0638_11.png
609,0621_15.png
610,0614_05.png
611,0616_12.png
612,0612_17.png
613,0623_12.png
614,0605_05.png
615,0627_04.png
616,0630_07.png
617,0598_19.png
618,0599_17.png
619,0600_02.png
620,0597_06.png
621,0629_03.png
622,0628_05.png
623,0610_10.png
624,0607_09.png
625,0619_18.png
626,0618_11.png
627,0641_14.png
628,0636_11.png
629,0617_20.png
630,0620_12.png
631,0608_14.png
632,0609_03.png
633,0635_05.png
634,0642_01.png
635,0604_05.png
636,0631_02.png
637,0626_10.png
638,0633_16.png
639,0602_16.png
640,0596_18.png
641,0634_04.png
642,0601_08.png
643,0625_17.png
644,0603_20.png
645,0632_16.png
646,0261_06.png
647,0266_20.png
648,0270_06.png
649,0268_17.png
650,0269_15.png
651,0271_02.png
652,0267_08.png
653,0260_01.png
654,0253_01.png
655,0254_16.png
656,0255_05.png
657,0252_08.png
658,0265_17.png
659,0262_12.png
660,0272_02.png
661,0263_20.png
662,0264_05.png
663,0259_18.png
664,0257_15.png
665,0251_04.png
666,0256_07.png
667,0258_19.png
668,0476_10.png
669,0481_10.png
670,0485_09.png
671,0483_12.png
672,0484_13.png
673,0486_17.png
674,0482_17.png
675,0475_17.png
676,0468_08.png
677,0469_14.png
678,0470_09.png
679,0467_19.png
680,0480_05.png
681,0477_14.png
682,0487_13.png
683,0478_06.png
684,0479_08.png
685,0474_06.png
686,0472_10.png
687,0466_11.png
688,0471_14.png
689,0473_05.png
690,0951_03.png
691,0954_09.png
692,0920_10.png
693,0925_17.png
694,0938_11.png
695,0929_20.png
696,0936_02.png
697,0927_01.png
698,0953_17.png
699,0952_14.png
700,0935_03.png
701,0928_19.png
702,0930_10.png
703,0926_17.png
704,0937_05.png
705,0919_14.png
706,0941_14.png
707,0944_16.png
708,0912_11.png
709,0913_06.png
710,0959_13.png
711,0914_15.png
712,0911_11.png
713,0943_20.png
714,0942_04.png
715,0960_14.png
716,0924_17.png
717,0921_09.png
718,0933_03.png
719,0932_05.png
720,0957_16.png
721,0955_18.png
722,0950_12.png
723,0931_17.png
724,0934_06.png
725,0922_02.png
726,0923_01.png
727,0949_16.png
728,0956_10.png
729,0958_02.png
730,0963_19.png
731,0962_03.png
732,0918_13.png
733,0945_05.png
734,0940_17.png
735,0947_14.png
736,0916_06.png
737,0961_03.png
738,0964_11.png
739,0910_07.png
740,0948_02.png
741,0915_19.png
742,0939_10.png
743,0917_16.png
744,0946_07.png
745,0078_12.png
746,0083_01.png
747,0096_18.png
748,0087_05.png
749,0094_12.png
750,0085_04.png
751,0093_03.png
752,0086_15.png
753,0088_06.png
754,0084_14.png
755,0095_03.png
756,0077_01.png
757,0099_14.png
758,0102_06.png
759,0070_03.png
760,0071_12.png
761,0072_11.png
762,0069_15.png
763,0101_20.png
764,0100_19.png
765,0082_08.png
766,0079_10.png
767,0091_17.png
768,0090_20.png
769,0089_12.png
770,0092_14.png
771,0080_05.png
772,0081_08.png
773,0107_02.png
774,0076_08.png
775,0103_18.png
776,0098_18.png
777,0105_16.png
778,0074_19.png
779,0068_10.png
780,0106_08.png
781,0073_15.png
782,0097_10.png
783,0075_19.png
784,0104_19.png
785,0037_10.png
786,0042_04.png
787,0055_02.png
788,0046_06.png
789,0053_05.png
790,0044_09.png
791,0052_05.png
792,0045_13.png
793,0047_09.png
794,0043_15.png
795,0054_18.png
796,0036_12.png
797,0058_08.png
798,0061_17.png
799,0029_02.png
800,0030_16.png
801,0031_13.png
802,0028_10.png
803,0060_17.png
804,0059_05.png
805,0041_16.png
806,0038_14.png
807,0050_15.png
808,0049_19.png
809,0067_11.png
810,0048_18.png
811,0051_01.png
812,0039_05.png
813,0040_04.png
814,0066_11.png
815,0035_17.png
816,0062_11.png
817,0057_03.png
818,0064_10.png
819,0033_04.png
820,0027_09.png
821,0065_17.png
822,0032_08.png
823,0056_05.png
824,0034_11.png
825,0063_08.png
826,0283_07.png
827,0288_18.png
828,0292_08.png
829,0290_19.png
830,0291_17.png
831,0293_13.png
832,0289_03.png
833,0282_16.png
834,0275_14.png
835,0276_13.png
836,0277_12.png
837,0274_05.png
838,0287_05.png
839,0284_17.png
840,0295_18.png
841,0294_15.png
842,0285_12.png
843,0286_09.png
844,0281_12.png
845,0279_18.png
846,0273_08.png
847,0278_02.png
848,0280_02.png
849,0719_02.png
850,0724_07.png
851,0728_08.png
852,0726_15.png
853,0727_19.png
854,0725_01.png
855,0718_04.png
856,0711_16.png
857,0712_09.png
858,0713_02.png
859,0710_07.png
860,0723_05.png
861,0720_07.png
862,0721_19.png
863,0722_05.png
864,0717_02.png
865,0715_13.png
866,0709_11.png
867,0714_12.png
868,0716_11.png
869,0228_14.png
870,0233_09.png
871,0246_20.png
872,0237_03.png
873,0244_07.png
874,0235_03.png
875,0243_19.png
876,0236_11.png
877,0238_18.png
878,0234_04.png
879,0245_16.png
880,0227_17.png
881,0249_07.png
882,0220_20.png
883,0221_03.png
884,0222_09.png
885,0219_07.png
886,0250_01.png
887,0232_08.png
888,0229_09.png
889,0241_19.png
890,0240_07.png
891,0239_04.png
892,0242_12.png
893,0230_18.png
894,0231_07.png
895,0226_13.png
896,0248_13.png
897,0224_03.png
898,0218_07.png
899,0223_07.png
900,0247_18.png
901,0225_17.png
902,0173_06.png
903,0176_07.png
904,0142_04.png
905,0147_04.png
906,0160_07.png
907,0151_19.png
908,0158_05.png
909,0149_09.png
910,0175_17.png
911,0174_07.png
912,0157_06.png
913,0150_09.png
914,0152_08.png
915,0148_01.png
916,0159_01.png
917,0141_19.png
918,0163_12.png
919,0166_16.png
920,0134_01.png
921,0135_09.png
922,0136_06.png
923,0133_09.png
924,0165_14.png
925,0164_07.png
926,0146_16.png
927,0143_01.png
928,0155_14.png
929,0154_11.png
930,0177_08.png
931,0172_20.png
932,0153_14.png
933,0156_07.png
934,0144_11.png
935,0145_01.png
936,0171_15.png
937,0140_17.png
938,0167_04.png
939,0162_11.png
940,0169_10.png
941,0138_13.png
942,0132_09.png
943,0170_12.png
944,0137_19.png
945,0161_11.png
946,0139_18.png
947,0168_12.png
948,0550_03.png
949,0555_02.png
950,0549_20.png
951,0542_12.png
952,0543_19.png
953,0544_15.png
954,0541_15.png
955,0554_08.png
956,0551_13.png
957,0552_01.png
958,0553_04.png
959,0548_09.png
960,0546_14.png
961,0540_11.png
962,0545_04.png
963,0547_19.png
964,1475_06.png
965,1478_10.png
966,1444_17.png
967,1449_07.png
968,1462_11.png
969,1453_20.png
970,1460_06.png
971,1451_17.png
972,1477_10.png
973,1476_16.png
974,1459_12.png
975,1452_15.png
976,1454_06.png
977,1450_05.png
978,1461_05.png
979,1443_16.png
980,1465_03.png
981,1468_02.png
982,1436_16.png
983,1437_11.png
984,1438_08.png
985,1435_03.png
986,1467_14.png
987,1466_06.png
988,1448_01.png
989,1445_12.png
990,1457_09.png
991,1456_17.png
992,1479_18.png
993,1474_20.png
994,1455_13.png
995,1458_11.png
996,1446_18.png
997,1447_04.png
998,1473_17.png
999,1442_10.png
1000,1469_18.png
1001,1464_14.png
1002,1471_16.png
1003,1440_19.png
1004,1434_17.png
1005,1472_05.png
1006,1439_16.png
1007,1463_12.png
1008,1441_14.png
1009,1470_14.png
1010,1608_15.png
1011,1613_10.png
1012,1617_06.png
1013,1615_05.png
1014,1623_08.png
1015,1616_16.png
1016,1618_10.png
1017,1614_19.png
1018,1607_09.png
1019,1600_17.png
1020,1601_18.png
1021,1602_14.png
1022,1599_14.png
1023,1612_10.png
1024,1609_06.png
1025,1621_11.png
1026,1620_02.png
1027,1619_07.png
1028,1622_16.png
1029,1610_09.png
1030,1611_09.png
1031,1606_02.png
1032,1604_14.png
1033,1598_04.png
1034,1603_05.png
1035,1605_05.png
1036,1541_07.png
1037,1546_19.png
1038,1550_12.png
1039,1548_14.png
1040,1549_13.png
1041,1551_06.png
1042,1547_14.png
1043,1540_18.png
1044,1533_04.png
1045,1534_17.png
1046,1535_06.png
1047,1532_05.png
1048,1545_19.png
1049,1542_18.png
1050,1554_11.png
1051,1553_20.png
1052,1552_20.png
1053,1555_16.png
1054,1543_12.png
1055,1544_18.png
1056,1539_19.png
1057,1537_06.png
1058,1531_10.png
1059,1536_19.png
1060,1538_06.png
1061,1313_04.png
1062,1316_11.png
1063,1282_07.png
1064,1287_10.png
1065,1300_06.png
1066,1291_14.png
1067,1298_04.png
1068,1289_17.png
1069,1315_19.png
1070,1314_17.png
1071,1297_03.png
1072,1290_16.png
1073,1292_14.png
1074,1288_05.png
1075,1299_11.png
1076,1281_09.png
1077,1303_11.png
1078,1306_04.png
1079,1274_18.png
1080,1275_16.png
1081,1276_16.png
1082,1273_19.png
1083,1305_15.png
1084,1304_08.png
1085,1286_14.png
1086,1283_02.png
1087,1295_09.png
1088,1294_18.png
1089,1317_19.png
1090,1312_05.png
1091,1293_05.png
1092,1296_07.png
1093,1284_18.png
1094,1285_01.png
1095,1311_16.png
1096,1318_13.png
1097,1280_06.png
1098,1307_19.png
1099,1302_05.png
1100,1309_02.png
1101,1278_01.png
1102,1272_13.png
1103,1310_15.png
1104,1277_06.png
1105,1301_07.png
1106,1279_08.png
1107,1308_12.png
1108,1021_07.png
1109,1026_15.png
1110,1030_17.png
1111,1028_03.png
1112,1036_04.png
1113,1029_17.png
1114,1031_20.png
1115,1027_18.png
1116,1020_04.png
1117,1013_07.png
1118,1014_10.png
1119,1015_10.png
1120,1012_08.png
1121,1025_16.png
1122,1022_10.png
1123,1034_15.png
1124,1033_17.png
1125,1032_16.png
1126,1035_11.png
1127,1023_17.png
1128,1024_10.png
1129,1019_15.png
1130,1017_17.png
1131,1011_06.png
1132,1016_14.png
1133,1018_01.png
1134,1256_08.png
1135,1261_15.png
1136,1265_01.png
1137,1263_04.png
1138,1271_09.png
1139,1264_03.png
1140,1266_03.png
1141,1262_15.png
1142,1255_15.png
1143,1248_02.png
1144,1249_03.png
1145,1250_12.png
1146,1247_11.png
1147,1260_15.png
1148,1257_16.png
1149,1269_15.png
1150,1268_07.png
1151,1267_17.png
1152,1270_17.png
1153,1258_16.png
1154,1259_17.png
1155,1254_10.png
1156,1252_20.png
1157,1246_12.png
1158,1251_07.png
1159,1253_14.png
1160,1329_10.png
1161,1334_10.png
1162,1347_19.png
1163,1338_04.png
1164,1345_08.png
1165,1336_06.png
1166,1344_01.png
1167,1337_18.png
1168,1339_09.png
1169,1335_08.png
1170,1346_11.png
1171,1328_07.png
1172,1350_03.png
1173,1353_16.png
1174,1321_02.png
1175,1322_10.png
1176,1323_03.png
1177,1320_13.png
1178,1352_08.png
1179,1351_19.png
1180,1333_16.png
1181,1330_11.png
1182,1342_05.png
1183,1341_02.png
1184,1340_17.png
1185,1343_15.png
1186,1331_12.png
1187,1332_09.png
1188,1358_16.png
1189,1327_10.png
1190,1354_03.png
1191,1349_04.png
1192,1356_09.png
1193,1325_09.png
1194,1319_18.png
1195,1357_02.png
1196,1324_02.png
1197,1348_05.png
1198,1326_04.png
1199,1355_04.png
1200,1201_20.png
1201,1204_19.png
1202,1170_15.png
1203,1175_08.png
1204,1188_19.png
1205,1179_01.png
1206,1186_05.png
1207,1177_08.png
1208,1203_20.png
1209,1202_15.png
1210,1185_11.png
1211,1178_09.png
1212,1180_15.png
1213,1176_14.png
1214,1187_01.png
1215,1169_09.png
1216,1191_05.png
1217,1194_09.png
1218,1162_07.png
1219,1163_10.png
1220,1164_05.png
1221,1161_02.png
1222,1193_15.png
1223,1192_18.png
1224,1174_10.png
1225,1171_05.png
1226,1183_02.png
1227,1182_13.png
1228,1200_08.png
1229,1181_07.png
1230,1184_10.png
1231,1172_11.png
1232,1173_15.png
1233,1199_05.png
1234,1168_14.png
1235,1195_07.png
1236,1190_01.png
1237,1197_02.png
1238,1166_12.png
1239,1160_12.png
1240,1198_11.png
1241,1165_17.png
1242,1189_13.png
1243,1167_16.png
1244,1196_20.png
1245,1597_03.png
1246,1566_16.png
1247,1571_17.png
1248,1584_06.png
1249,1575_09.png
1250,1582_12.png
1251,1573_04.png
1252,1581_01.png
1253,1574_03.png
1254,1576_10.png
1255,1572_20.png
1256,1583_10.png
1257,1565_13.png
1258,1587_01.png
1259,1590_07.png
1260,1558_16.png
1261,1559_01.png
1262,1560_01.png
1263,1557_07.png
1264,1589_04.png
1265,1588_06.png
1266,1570_01.png
1267,1567_07.png
1268,1579_17.png
1269,1578_01.png
1270,1596_04.png
1271,1577_09.png
1272,1580_06.png
1273,1568_06.png
1274,1569_16.png
1275,1595_04.png
1276,1564_05.png
1277,1591_17.png
1278,1586_08.png
1279,1593_13.png
1280,1562_04.png
1281,1556_08.png
1282,1594_19.png
1283,1561_12.png
1284,1585_10.png
1285,1563_02.png
1286,1592_13.png
1287,1047_15.png
1288,1052_12.png
1289,1056_09.png
1290,1054_01.png
1291,1062_18.png
1292,1055_01.png
1293,1057_20.png
1294,1053_02.png
1295,1046_03.png
1296,1039_16.png
1297,1040_03.png
1298,1041_07.png
1299,1038_08.png
1300,1051_13.png
1301,1048_02.png
1302,1060_13.png
1303,1059_06.png
1304,1058_19.png
1305,1061_17.png
1306,1049_12.png
1307,1050_16.png
1308,1045_16.png
1309,1043_16.png
1310,1037_16.png
1311,1042_06.png
1312,1044_10.png
1313,1099_04.png
1314,1104_10.png
1315,1108_18.png
1316,1106_03.png
1317,1114_10.png
1318,1107_18.png
1319,1109_13.png
1320,1105_08.png
1321,1098_11.png
1322,1091_18.png
1323,1092_20.png
1324,1093_09.png
1325,1090_01.png
1326,1103_18.png
1327,1100_01.png
1328,1112_11.png
1329,1111_09.png
1330,1110_07.png
1331,1113_08.png
1332,1101_10.png
1333,1102_01.png
1334,1097_18.png
1335,1095_11.png
1336,1089_12.png
1337,1094_04.png
1338,1096_19.png
1339,0975_18.png
1340,0980_14.png
1341,0984_18.png
1342,0982_02.png
1343,0983_10.png
1344,0981_02.png
1345,0974_12.png
1346,0967_06.png
1347,0968_04.png
1348,0969_02.png
1349,0966_20.png
1350,0979_04.png
1351,0976_05.png
1352,0977_10.png
1353,0978_13.png
1354,0973_15.png
1355,0971_11.png
1356,0965_17.png
1357,0970_07.png
1358,0972_02.png
1359,1430_11.png
1360,1433_16.png
1361,1399_13.png
1362,1404_10.png
1363,1417_02.png
1364,1408_10.png
1365,1415_09.png
1366,1406_11.png
1367,1432_10.png
1368,1431_17.png
1369,1414_20.png
1370,1407_19.png
1371,1409_06.png
1372,1405_12.png
1373,1416_02.png
1374,1398_13.png
1375,1420_06.png
1376,1423_08.png
1377,1391_18.png
1378,1392_16.png
1379,1393_02.png
1380,1390_01.png
1381,1422_12.png
1382,1421_06.png
1383,1403_18.png
1384,1400_12.png
1385,1412_12.png
1386,1411_12.png
1387,1429_01.png
1388,1410_08.png
1389,1413_10.png
1390,1401_15.png
1391,1402_15.png
1392,1428_15.png
1393,1397_11.png
1394,1424_10.png
1395,1419_15.png
1396,1426_16.png
1397,1395_19.png
1398,1389_05.png
1399,1427_08.png
1400,1394_17.png
1401,1418_06.png
1402,1396_02.png
1403,1425_12.png
1404,1215_10.png
1405,1220_14.png
1406,1233_08.png
1407,1224_08.png
1408,1231_17.png
1409,1222_04.png
1410,1230_10.png
1411,1223_10.png
1412,1225_14.png
1413,1221_18.png
1414,1232_03.png
1415,1214_14.png
1416,1236_06.png
1417,1239_06.png
1418,1207_15.png
1419,1208_13.png
1420,1209_16.png
1421,1206_03.png
1422,1238_01.png
1423,1237_20.png
1424,1219_16.png
1425,1216_08.png
1426,1228_08.png
1427,1227_07.png
1428,1245_14.png
1429,1226_08.png
1430,1229_14.png
1431,1217_06.png
1432,1218_10.png
1433,1244_08.png
1434,1213_20.png
1435,1240_09.png
1436,1235_15.png
1437,1242_20.png
1438,1211_05.png
1439,1205_05.png
1440,1243_15.png
1441,1210_02.png
1442,1234_15.png
1443,1212_14.png
1444,1241_20.png
1445,1073_16.png
1446,1078_03.png
1447,1082_04.png
1448,1080_01.png
1449,1088_17.png
1450,1081_11.png
1451,1083_02.png
1452,1079_14.png
1453,1072_07.png
1454,1065_12.png
1455,1066_14.png
1456,1067_15.png
1457,1064_18.png
1458,1077_04.png
1459,1074_16.png
1460,1086_14.png
1461,1085_20.png
1462,1084_17.png
1463,1087_03.png
1464,1075_10.png
1465,1076_18.png
1466,1071_04.png
1467,1069_20.png
1468,1063_14.png
1469,1068_20.png
1470,1070_18.png
1471,1369_01.png
1472,1374_05.png
1473,1387_10.png
1474,1378_15.png
1475,1385_15.png
1476,1376_09.png
1477,1384_04.png
1478,1377_20.png
1479,1379_06.png
1480,1375_07.png
1481,1386_11.png
1482,1368_07.png
1483,1361_13.png
1484,1362_15.png
1485,1363_03.png
1486,1360_15.png
1487,1373_01.png
1488,1370_17.png
1489,1382_09.png
1490,1381_13.png
1491,1380_14.png
1492,1383_08.png
1493,1371_19.png
1494,1372_07.png
1495,1367_20.png
1496,1365_18.png
1497,1359_15.png
1498,1364_09.png
1499,1388_11.png
1500,1366_13.png
1501,1490_06.png
1502,1495_05.png
1503,1499_13.png
1504,1497_08.png
1505,1498_03.png
1506,1500_04.png
1507,1496_18.png
1508,1489_16.png
1509,1482_01.png
1510,1483_12.png
1511,1484_19.png
1512,1481_19.png
1513,1494_10.png
1514,1491_03.png
1515,1502_02.png
1516,1501_02.png
1517,1492_13.png
1518,1493_06.png
1519,1488_20.png
1520,1486_10.png
1521,1480_18.png
1522,1485_17.png
1523,1487_07.png
1524,0995_20.png
1525,1000_15.png
1526,1004_17.png
1527,1002_17.png
1528,1010_15.png
1529,1003_05.png
1530,1005_01.png
1531,1001_08.png
1532,0994_04.png
1533,0987_12.png
1534,0988_06.png
1535,0989_02.png
1536,0986_03.png
1537,0999_16.png
1538,0996_01.png
1539,1008_13.png
1540,1007_13.png
1541,1006_17.png
1542,1009_17.png
1543,0997_14.png
1544,0998_10.png
1545,0993_20.png
1546,0991_03.png
1547,0985_16.png
1548,0990_10.png
1549,0992_02.png
1550,1513_10.png
1551,1518_18.png
1552,1522_20.png
1553,1529_05.png
1554,1520_04.png
1555,1528_19.png
1556,1521_05.png
1557,1523_03.png
1558,1519_09.png
1559,1530_03.png
1560,1512_11.png
1561,1505_12.png
1562,1506_08.png
1563,1507_19.png
1564,1504_07.png
1565,1517_09.png
1566,1514_12.png
1567,1526_08.png
1568,1525_01.png
1569,1524_19.png
1570,1527_13.png
1571,1515_14.png
1572,1516_16.png
1573,1511_15.png
1574,1509_12.png
1575,1503_01.png
1576,1508_12.png
1577,1510_06.png
1578,1156_07.png
1579,1159_06.png
1580,1125_12.png
1581,1130_01.png
1582,1143_20.png
1583,1134_18.png
1584,1141_11.png
1585,1132_08.png
1586,1158_17.png
1587,1157_20.png
1588,1140_02.png
1589,1133_02.png
1590,1135_01.png
1591,1131_01.png
1592,1142_09.png
1593,1124_13.png
1594,1146_20.png
1595,1149_11.png
1596,1117_16.png
1597,1118_10.png
1598,1119_03.png
1599,1116_20.png
1600,1148_06.png
1601,1147_17.png
1602,1129_10.png
1603,1126_04.png
1604,1138_14.png
1605,1137_13.png
1606,1155_10.png
1607,1136_09.png
1608,1139_06.png
1609,1127_06.png
1610,1128_02.png
1611,1154_11.png
1612,1123_09.png
1613,1150_11.png
1614,1145_05.png
1615,1152_05.png
1616,1121_07.png
1617,1115_17.png
1618,1153_02.png
1619,1120_16.png
1620,1144_09.png
1621,1122_05.png
1622,1151_07.png
